index,title,price,originalPrice,discount,currency,seller,rating,reviews,shipping,location,link,scrapedAt
"3","","179550","","","US$","","","","","","https://carro.mercadolibre.com.ve/MLV-1012584064-lexus-gx550-2025-twin-turbo-luxury-nueva-a-estrenar-_JM#polycard_client=splinter&c_element_order=1&deal_print_id=0d99c480-5774-11f1-a917-270ae428c889&search_layout=stack&L=autos-y-camionetas-publicados-hoy&type=item&c_tracking_id=0d99c480-5774-11f1-a917-270ae428c889&c_uid=90e2f845-1327-3bbb-9bb2-6c5eae09d0bf&V=1&c_campaign=autos-y-camionetas-publicados-hoy&c_id=%2Fsplinter%2Fcarouseldynamicitem&position=1&c_label=%2Fsplinter%2Fcarouseldynamicitem&c_container_id=not_apply&c_global_position=5&c_element_id=90e2f845-1327-3bbb-9bb2-6c5eae09d0bf","2026-05-24T13:25:43.599Z"
"4","","16500","","","US$","","","","","","https://carro.mercadolibre.com.ve/MLV-1012597772-toyota-corolla-2011-_JM#polycard_client=splinter&c_element_order=2&deal_print_id=0d99c480-5774-11f1-a917-270ae428c889&search_layout=stack&L=autos-y-camionetas-publicados-hoy&type=item&c_tracking_id=0d99c480-5774-11f1-a917-270ae428c889&c_uid=00b1c67c-5148-350b-93c8-dc392d77692e&V=2&c_campaign=autos-y-camionetas-publicados-hoy&c_id=%2Fsplinter%2Fcarouseldynamicitem&position=2&c_label=%2Fsplinter%2Fcarouseldynamicitem&c_container_id=not_apply&c_global_position=5&c_element_id=00b1c67c-5148-350b-93c8-dc392d77692e","2026-05-24T13:25:43.599Z"
"5","","37000","","","US$","","","","","","https://carro.mercadolibre.com.ve/MLV-1012583012-toyota-corolla-cross-elite-_JM#polycard_client=splinter&c_element_order=3&deal_print_id=0d99c480-5774-11f1-a917-270ae428c889&search_layout=stack&L=autos-y-camionetas-publicados-hoy&type=item&c_tracking_id=0d99c480-5774-11f1-a917-270ae428c889&c_uid=3cacb9c7-a0e6-358c-bea5-e7a6d3fc5a2b&V=3&c_campaign=autos-y-camionetas-publicados-hoy&c_id=%2Fsplinter%2Fcarouseldynamicitem&position=3&c_label=%2Fsplinter%2Fcarouseldynamicitem&c_container_id=not_apply&c_global_position=5&c_element_id=3cacb9c7-a0e6-358c-bea5-e7a6d3fc5a2b","2026-05-24T13:25:43.599Z"
"6","","8200","","","US$","","","","","","https://carro.mercadolibre.com.ve/MLV-1012613186-ford-fiesta-max-2010-_JM#polycard_client=splinter&c_element_order=4&deal_print_id=0d99c480-5774-11f1-a917-270ae428c889&search_layout=stack&L=autos-y-camionetas-publicados-hoy&type=item&c_tracking_id=0d99c480-5774-11f1-a917-270ae428c889&c_uid=1e6e4d4f-ac2b-3ba1-b433-a84183336c0e&V=4&c_campaign=autos-y-camionetas-publicados-hoy&c_id=%2Fsplinter%2Fcarouseldynamicitem&position=4&c_label=%2Fsplinter%2Fcarouseldynamicitem&c_container_id=not_apply&c_global_position=5&c_element_id=1e6e4d4f-ac2b-3ba1-b433-a84183336c0e","2026-05-24T13:25:43.599Z"
"7","","63000","","","US$","","","","","","https://carro.mercadolibre.com.ve/MLV-1012613084-toyota-4runner-trd-pro-2019-subasta-_JM#polycard_client=splinter&c_element_order=5&deal_print_id=0d99c480-5774-11f1-a917-270ae428c889&search_layout=stack&L=autos-y-camionetas-publicados-hoy&type=item&c_tracking_id=0d99c480-5774-11f1-a917-270ae428c889&c_uid=8b4873b6-b11c-39ca-aabc-f2176fca6c47&V=5&c_campaign=autos-y-camionetas-publicados-hoy&c_id=%2Fsplinter%2Fcarouseldynamicitem&position=5&c_label=%2Fsplinter%2Fcarouseldynamicitem&c_container_id=not_apply&c_global_position=5&c_element_id=8b4873b6-b11c-39ca-aabc-f2176fca6c47","2026-05-24T13:25:43.599Z"
"8","","88200","","","US$","","","","","","https://carro.mercadolibre.com.ve/MLV-1012612964-toyota-4runner-trd-off-road-premium-_JM#polycard_client=splinter&c_element_order=6&deal_print_id=0d99c480-5774-11f1-a917-270ae428c889&search_layout=stack&L=autos-y-camionetas-publicados-hoy&type=item&c_tracking_id=0d99c480-5774-11f1-a917-270ae428c889&c_uid=f7ebaeaa-d6e2-386d-878c-512d6f8e992a&V=6&c_campaign=autos-y-camionetas-publicados-hoy&c_id=%2Fsplinter%2Fcarouseldynamicitem&position=6&c_label=%2Fsplinter%2Fcarouseldynamicitem&c_container_id=not_apply&c_global_position=5&c_element_id=f7ebaeaa-d6e2-386d-878c-512d6f8e992a","2026-05-24T13:25:43.599Z"
"9","","27700","","","US$","","","","","","https://carro.mercadolibre.com.ve/MLV-1012587816-jeep-grand-cherokee-4g-blindada-inmaculada-2013-_JM#polycard_client=splinter&c_element_order=7&deal_print_id=0d99c480-5774-11f1-a917-270ae428c889&search_layout=stack&L=autos-y-camionetas-publicados-hoy&type=item&c_tracking_id=0d99c480-5774-11f1-a917-270ae428c889&c_uid=189d9970-3199-3438-95f6-ea33d0b6da30&V=7&c_campaign=autos-y-camionetas-publicados-hoy&c_id=%2Fsplinter%2Fcarouseldynamicitem&position=7&c_label=%2Fsplinter%2Fcarouseldynamicitem&c_container_id=not_apply&c_global_position=5&c_element_id=189d9970-3199-3438-95f6-ea33d0b6da30","2026-05-24T13:25:43.599Z"
"10","","83900","","","US$","","","","","","https://carro.mercadolibre.com.ve/MLV-1012596646-jeep-gladiator-4x4-2023-_JM#polycard_client=splinter&c_element_order=8&deal_print_id=0d99c480-5774-11f1-a917-270ae428c889&search_layout=stack&L=autos-y-camionetas-publicados-hoy&type=item&c_tracking_id=0d99c480-5774-11f1-a917-270ae428c889&c_uid=20a0acf4-1837-367c-83a2-8cf0ee7d4bab&V=8&c_campaign=autos-y-camionetas-publicados-hoy&c_id=%2Fsplinter%2Fcarouseldynamicitem&position=8&c_label=%2Fsplinter%2Fcarouseldynamicitem&c_container_id=not_apply&c_global_position=5&c_element_id=20a0acf4-1837-367c-83a2-8cf0ee7d4bab","2026-05-24T13:25:43.599Z"
"11","","36000","","","US$","","","","","","https://carro.mercadolibre.com.ve/MLV-1012582724-suzuki-jimny-3-puertas-gl-2024-_JM#polycard_client=splinter&c_element_order=9&deal_print_id=0d99c480-5774-11f1-a917-270ae428c889&search_layout=stack&L=autos-y-camionetas-publicados-hoy&type=item&c_tracking_id=0d99c480-5774-11f1-a917-270ae428c889&c_uid=76e8127b-ef1e-358a-85df-0803ed3c5642&V=9&c_campaign=autos-y-camionetas-publicados-hoy&c_id=%2Fsplinter%2Fcarouseldynamicitem&position=9&c_label=%2Fsplinter%2Fcarouseldynamicitem&c_container_id=not_apply&c_global_position=5&c_element_id=76e8127b-ef1e-358a-85df-0803ed3c5642","2026-05-24T13:25:43.599Z"
"12","","12000","","","US$","","","","","","https://carro.mercadolibre.com.ve/MLV-1012597070-jeep-grand-cherokee-_JM#polycard_client=splinter&c_element_order=10&deal_print_id=0d99c480-5774-11f1-a917-270ae428c889&search_layout=stack&L=autos-y-camionetas-publicados-hoy&type=item&c_tracking_id=0d99c480-5774-11f1-a917-270ae428c889&c_uid=8ec6494f-a4e7-353f-9c79-fe039ef3e34b&V=10&c_campaign=autos-y-camionetas-publicados-hoy&c_id=%2Fsplinter%2Fcarouseldynamicitem&position=10&c_label=%2Fsplinter%2Fcarouseldynamicitem&c_container_id=not_apply&c_global_position=5&c_element_id=8ec6494f-a4e7-353f-9c79-fe039ef3e34b","2026-05-24T13:25:43.600Z"
"13","","11500","","","US$","","","","","","https://carro.mercadolibre.com.ve/MLV-1012614222-honda-cr-v-_JM#polycard_client=splinter&c_element_order=11&deal_print_id=0d99c480-5774-11f1-a917-270ae428c889&search_layout=stack&L=autos-y-camionetas-publicados-hoy&type=item&c_tracking_id=0d99c480-5774-11f1-a917-270ae428c889&c_uid=54c0c761-aa13-32ef-ba7a-9547833e1ccd&V=11&c_campaign=autos-y-camionetas-publicados-hoy&c_id=%2Fsplinter%2Fcarouseldynamicitem&position=11&c_label=%2Fsplinter%2Fcarouseldynamicitem&c_container_id=not_apply&c_global_position=5&c_element_id=54c0c761-aa13-32ef-ba7a-9547833e1ccd","2026-05-24T13:25:43.600Z"
"14","","13900","","","US$","","","","","","https://carro.mercadolibre.com.ve/MLV-1012599826-jeep-cherokee-kk-limited-2011-_JM#polycard_client=splinter&c_element_order=12&deal_print_id=0d99c480-5774-11f1-a917-270ae428c889&search_layout=stack&L=autos-y-camionetas-publicados-hoy&type=item&c_tracking_id=0d99c480-5774-11f1-a917-270ae428c889&c_uid=cfab77bd-007f-36b8-8f90-90bb747b28ec&V=12&c_campaign=autos-y-camionetas-publicados-hoy&c_id=%2Fsplinter%2Fcarouseldynamicitem&position=12&c_label=%2Fsplinter%2Fcarouseldynamicitem&c_container_id=not_apply&c_global_position=5&c_element_id=cfab77bd-007f-36b8-8f90-90bb747b28ec","2026-05-24T13:25:43.600Z"
"15","","78500","","","US$","","","","","","https://carro.mercadolibre.com.ve/MLV-1012609160-4runner-toyota-2024-aut-sr5-4x4-nueva-a-estrenar-_JM#polycard_client=splinter&c_element_order=13&deal_print_id=0d99c480-5774-11f1-a917-270ae428c889&search_layout=stack&L=autos-y-camionetas-publicados-hoy&type=item&c_tracking_id=0d99c480-5774-11f1-a917-270ae428c889&c_uid=abf27aca-511f-342f-8d18-3b77baf11b1a&V=13&c_campaign=autos-y-camionetas-publicados-hoy&c_id=%2Fsplinter%2Fcarouseldynamicitem&position=13&c_label=%2Fsplinter%2Fcarouseldynamicitem&c_container_id=not_apply&c_global_position=5&c_element_id=abf27aca-511f-342f-8d18-3b77baf11b1a","2026-05-24T13:25:43.600Z"
"16","","43000","","","US$","","","","","","https://carro.mercadolibre.com.ve/MLV-1012612264-mitsubishi-montero-sport-2019-_JM#polycard_client=splinter&c_element_order=14&deal_print_id=0d99c480-5774-11f1-a917-270ae428c889&search_layout=stack&L=autos-y-camionetas-publicados-hoy&type=item&c_tracking_id=0d99c480-5774-11f1-a917-270ae428c889&c_uid=80bd58bd-5b5b-3aef-9eab-1a6beec39f55&V=14&c_campaign=autos-y-camionetas-publicados-hoy&c_id=%2Fsplinter%2Fcarouseldynamicitem&position=14&c_label=%2Fsplinter%2Fcarouseldynamicitem&c_container_id=not_apply&c_global_position=5&c_element_id=80bd58bd-5b5b-3aef-9eab-1a6beec39f55","2026-05-24T13:25:43.600Z"
"17","","14900","","","US$","","","","","","https://carro.mercadolibre.com.ve/MLV-1012599714-jeep-gran-cherokee-2009-aut-4x4-full-aire-y-perfecta-_JM#polycard_client=splinter&c_element_order=15&deal_print_id=0d99c480-5774-11f1-a917-270ae428c889&search_layout=stack&L=autos-y-camionetas-publicados-hoy&type=item&c_tracking_id=0d99c480-5774-11f1-a917-270ae428c889&c_uid=30dfde8f-c815-3ad7-8469-9e97479f0d45&V=15&c_campaign=autos-y-camionetas-publicados-hoy&c_id=%2Fsplinter%2Fcarouseldynamicitem&position=15&c_label=%2Fsplinter%2Fcarouseldynamicitem&c_container_id=not_apply&c_global_position=5&c_element_id=30dfde8f-c815-3ad7-8469-9e97479f0d45","2026-05-24T13:25:43.600Z"
"18","","13800","","","US$","","","","","","https://carro.mercadolibre.com.ve/MLV-1012598170-lancer-2014-automatico-glx-_JM#polycard_client=splinter&c_element_order=16&deal_print_id=0d99c480-5774-11f1-a917-270ae428c889&search_layout=stack&L=autos-y-camionetas-publicados-hoy&type=item&c_tracking_id=0d99c480-5774-11f1-a917-270ae428c889&c_uid=438e0bb0-5129-374c-a7b8-2a628545774d&V=16&c_campaign=autos-y-camionetas-publicados-hoy&c_id=%2Fsplinter%2Fcarouseldynamicitem&position=16&c_label=%2Fsplinter%2Fcarouseldynamicitem&c_container_id=not_apply&c_global_position=5&c_element_id=438e0bb0-5129-374c-a7b8-2a628545774d","2026-05-24T13:25:43.600Z"
"19","","21500","","","US$","","","","","","https://carro.mercadolibre.com.ve/MLV-1012571184-jac-arena-sport-automatico-full-aire-2026-nuevo-_JM#polycard_client=splinter&c_element_order=17&deal_print_id=0d99c480-5774-11f1-a917-270ae428c889&search_layout=stack&L=autos-y-camionetas-publicados-hoy&type=item&c_tracking_id=0d99c480-5774-11f1-a917-270ae428c889&c_uid=c245dbbc-c533-37e6-bbeb-e924fab75028&V=17&c_campaign=autos-y-camionetas-publicados-hoy&c_id=%2Fsplinter%2Fcarouseldynamicitem&position=17&c_label=%2Fsplinter%2Fcarouseldynamicitem&c_container_id=not_apply&c_global_position=5&c_element_id=c245dbbc-c533-37e6-bbeb-e924fab75028","2026-05-24T13:25:43.600Z"
"20","","88000","","","US$","","","","","","https://carro.mercadolibre.com.ve/MLV-1012596110-toyota-land-cruiser-s79-_JM#polycard_client=splinter&c_element_order=18&deal_print_id=0d99c480-5774-11f1-a917-270ae428c889&search_layout=stack&L=autos-y-camionetas-publicados-hoy&type=item&c_tracking_id=0d99c480-5774-11f1-a917-270ae428c889&c_uid=0e25ad8d-a61d-36de-948e-18a1d1081c4b&V=18&c_campaign=autos-y-camionetas-publicados-hoy&c_id=%2Fsplinter%2Fcarouseldynamicitem&position=18&c_label=%2Fsplinter%2Fcarouseldynamicitem&c_container_id=not_apply&c_global_position=5&c_element_id=0e25ad8d-a61d-36de-948e-18a1d1081c4b","2026-05-24T13:25:43.600Z"
"21","","8900","","","US$","","","","","","https://carro.mercadolibre.com.ve/MLV-1012599746-vitara-chervolet-2007-xl7-full-aire-operativa-_JM#polycard_client=splinter&c_element_order=19&deal_print_id=0d99c480-5774-11f1-a917-270ae428c889&search_layout=stack&L=autos-y-camionetas-publicados-hoy&type=item&c_tracking_id=0d99c480-5774-11f1-a917-270ae428c889&c_uid=38b4fa58-0cb0-3ba7-9a8e-edf4a7eddf5a&V=19&c_campaign=autos-y-camionetas-publicados-hoy&c_id=%2Fsplinter%2Fcarouseldynamicitem&position=19&c_label=%2Fsplinter%2Fcarouseldynamicitem&c_container_id=not_apply&c_global_position=5&c_element_id=38b4fa58-0cb0-3ba7-9a8e-edf4a7eddf5a","2026-05-24T13:25:43.600Z"
"22","","7500","","","US$","","","","","","https://carro.mercadolibre.com.ve/MLV-1012572550-sonata-2006-_JM#polycard_client=splinter&c_element_order=20&deal_print_id=0d99c480-5774-11f1-a917-270ae428c889&search_layout=stack&L=autos-y-camionetas-publicados-hoy&type=item&c_tracking_id=0d99c480-5774-11f1-a917-270ae428c889&c_uid=302ab03c-128b-3f25-b244-71bfb82c1d09&V=20&c_campaign=autos-y-camionetas-publicados-hoy&c_id=%2Fsplinter%2Fcarouseldynamicitem&position=20&c_label=%2Fsplinter%2Fcarouseldynamicitem&c_container_id=not_apply&c_global_position=5&c_element_id=302ab03c-128b-3f25-b244-71bfb82c1d09","2026-05-24T13:25:43.600Z"
"27","","","","","","","","","","","https://carros.mercadolibre.com.ve/#CATEGORY_ID=MLV1744&S=hc_carros-motos-y-otros&c_tracking_id=0d99c480-5774-11f1-a917-270ae428c889","2026-05-24T13:25:43.600Z"
"1","","2.5","2","8% OFF","US$","Febi","","","Envío gratis","","https://articulo.mercadolibre.com.ve/MLV-739325786-bujia-3-electrodos-optra-limited-bora-polo-golf-fox-palio-_JM#polycard_client=search-desktop&be_origin=backend&search_layout=grid&position=1&type=item&tracking_id=ebb612f0-dd91-4607-8769-92c226af5e7b&wid=MLV739325786&sid=search","2026-05-24T13:41:04.059Z"
"2","","2.5","","","US$","","","","Envío gratis","","https://articulo.mercadolibre.com.ve/MLV-739325786-bujia-3-electrodos-optra-limited-bora-polo-golf-fox-palio-_JM#polycard_client=search-desktop&be_origin=backend&search_layout=grid&position=1&type=item&tracking_id=ebb612f0-dd91-4607-8769-92c226af5e7b&wid=MLV739325786&sid=search","2026-05-24T13:41:04.060Z"
"3","","2.5","","","US$","","","","Envío gratis","","https://articulo.mercadolibre.com.ve/MLV-739325786-bujia-3-electrodos-optra-limited-bora-polo-golf-fox-palio-_JM#polycard_client=search-desktop&be_origin=backend&search_layout=grid&position=1&type=item&tracking_id=ebb612f0-dd91-4607-8769-92c226af5e7b&wid=MLV739325786&sid=search","2026-05-24T13:41:04.060Z"
"4","","3","","","US$","","","","Envío gratis","","https://articulo.mercadolibre.com.ve/MLV-793946746-bujia-antienchumbe-bl15-canon-corto-carlo-c10-caprice-malibu-_JM#polycard_client=search-desktop&be_origin=backend&search_layout=grid&position=2&type=item&tracking_id=ebb612f0-dd91-4607-8769-92c226af5e7b&wid=MLV793946746&sid=search","2026-05-24T13:41:04.060Z"
"5","","3","","","US$","","","","Envío gratis","","https://articulo.mercadolibre.com.ve/MLV-793946746-bujia-antienchumbe-bl15-canon-corto-carlo-c10-caprice-malibu-_JM#polycard_client=search-desktop&be_origin=backend&search_layout=grid&position=2&type=item&tracking_id=ebb612f0-dd91-4607-8769-92c226af5e7b&wid=MLV793946746&sid=search","2026-05-24T13:41:04.060Z"
"6","","2.25","","","US$","","","","Envío gratis","","https://articulo.mercadolibre.com.ve/MLV-707646074-bujia-acdelco-41-110-blazer-vortec-262-42-cheyenne-triton-_JM#polycard_client=search-desktop&be_origin=backend&search_layout=grid&position=3&type=item&tracking_id=ebb612f0-dd91-4607-8769-92c226af5e7b&wid=MLV707646074&sid=search","2026-05-24T13:41:04.060Z"
"7","","2.25","","","US$","","","","Envío gratis","","https://articulo.mercadolibre.com.ve/MLV-707646074-bujia-acdelco-41-110-blazer-vortec-262-42-cheyenne-triton-_JM#polycard_client=search-desktop&be_origin=backend&search_layout=grid&position=3&type=item&tracking_id=ebb612f0-dd91-4607-8769-92c226af5e7b&wid=MLV707646074&sid=search","2026-05-24T13:41:04.060Z"
"8","","4","","","US$","","","","Envío gratis","","https://articulo.mercadolibre.com.ve/MLV-511315686-bujia-denso-k20pr-u11-chevrolet-aveo-optra-esteem-vitara-_JM?searchVariation=202083485109#polycard_client=search-desktop&be_origin=backend&searchVariation=202083485109&search_layout=grid&position=4&type=item&tracking_id=ebb612f0-dd91-4607-8769-92c226af5e7b","2026-05-24T13:41:04.060Z"
"9","","4","","","US$","","","","Envío gratis","","https://articulo.mercadolibre.com.ve/MLV-511315686-bujia-denso-k20pr-u11-chevrolet-aveo-optra-esteem-vitara-_JM?searchVariation=202083485109#polycard_client=search-desktop&be_origin=backend&searchVariation=202083485109&search_layout=grid&position=4&type=item&tracking_id=ebb612f0-dd91-4607-8769-92c226af5e7b","2026-05-24T13:41:04.060Z"
"10","","2.5","","","US$","","","","Envío gratis","","https://articulo.mercadolibre.com.ve/MLV-710094963-bujia-iridium-corolla-irani-twingo-16v-nissan-tiida-sentra-_JM#polycard_client=search-desktop&be_origin=backend&search_layout=grid&position=5&type=item&tracking_id=ebb612f0-dd91-4607-8769-92c226af5e7b&wid=MLV710094963&sid=search","2026-05-24T13:41:04.060Z"
"11","","2.5","","","US$","","","","Envío gratis","","https://articulo.mercadolibre.com.ve/MLV-710094963-bujia-iridium-corolla-irani-twingo-16v-nissan-tiida-sentra-_JM#polycard_client=search-desktop&be_origin=backend&search_layout=grid&position=5&type=item&tracking_id=ebb612f0-dd91-4607-8769-92c226af5e7b&wid=MLV710094963&sid=search","2026-05-24T13:41:04.060Z"
"12","","3","","","US$","","","","Envío gratis","","https://articulo.mercadolibre.com.ve/MLV-782084988-bujia-bl15-platinum-recubierta-bosch-205-262-302-350--_JM#polycard_client=search-desktop&be_origin=backend&search_layout=grid&position=6&type=item&tracking_id=ebb612f0-dd91-4607-8769-92c226af5e7b&wid=MLV782084988&sid=search","2026-05-24T13:41:04.060Z"
"13","","3","","","US$","","","","Envío gratis","","https://articulo.mercadolibre.com.ve/MLV-782084988-bujia-bl15-platinum-recubierta-bosch-205-262-302-350--_JM#polycard_client=search-desktop&be_origin=backend&search_layout=grid&position=6&type=item&tracking_id=ebb612f0-dd91-4607-8769-92c226af5e7b&wid=MLV782084988&sid=search","2026-05-24T13:41:04.060Z"
"14","","2","","","US$","","","","Envío gratis","","https://articulo.mercadolibre.com.ve/MLV-723992340-bujia-rosca-corta-bl15-nova-chevette-century-jeep-bronco-v6-_JM#polycard_client=search-desktop&be_origin=backend&search_layout=grid&position=7&type=item&tracking_id=ebb612f0-dd91-4607-8769-92c226af5e7b&wid=MLV723992340&sid=search","2026-05-24T13:41:04.060Z"
"15","","2","","","US$","","","","Envío gratis","","https://articulo.mercadolibre.com.ve/MLV-723992340-bujia-rosca-corta-bl15-nova-chevette-century-jeep-bronco-v6-_JM#polycard_client=search-desktop&be_origin=backend&search_layout=grid&position=7&type=item&tracking_id=ebb612f0-dd91-4607-8769-92c226af5e7b&wid=MLV723992340&sid=search","2026-05-24T13:41:04.060Z"
"16","","2","","","US$","","","","Envío gratis","","https://articulo.mercadolibre.com.ve/MLV-874262118-bujia-aveosparkcorsateriosaccent-unidad-_JM?searchVariation=184141951418#polycard_client=search-desktop&be_origin=backend&searchVariation=184141951418&search_layout=grid&position=8&type=item&tracking_id=ebb612f0-dd91-4607-8769-92c226af5e7b","2026-05-24T13:41:04.060Z"
"17","","2","","","US$","","","","Envío gratis","","https://articulo.mercadolibre.com.ve/MLV-874262118-bujia-aveosparkcorsateriosaccent-unidad-_JM?searchVariation=184141951418#polycard_client=search-desktop&be_origin=backend&searchVariation=184141951418&search_layout=grid&position=8&type=item&tracking_id=ebb612f0-dd91-4607-8769-92c226af5e7b","2026-05-24T13:41:04.061Z"
"18","","2.5","","","US$","","","","Envío gratis","","https://articulo.mercadolibre.com.ve/MLV-735856055-bujia-punta-de-iridium-aveo-optra-spark-corsa-matiz-etc-_JM#polycard_client=search-desktop&be_origin=backend&search_layout=grid&position=9&type=item&tracking_id=ebb612f0-dd91-4607-8769-92c226af5e7b&wid=MLV735856055&sid=search","2026-05-24T13:41:04.061Z"
"19","","2.5","","","US$","","","","Envío gratis","","https://articulo.mercadolibre.com.ve/MLV-735856055-bujia-punta-de-iridium-aveo-optra-spark-corsa-matiz-etc-_JM#polycard_client=search-desktop&be_origin=backend&search_layout=grid&position=9&type=item&tracking_id=ebb612f0-dd91-4607-8769-92c226af5e7b&wid=MLV735856055&sid=search","2026-05-24T13:41:04.061Z"
"20","","2","","","US$","","","","Envío gratis","","https://articulo.mercadolibre.com.ve/MLV-823425298-bujia-champion-bl15y-nova-chevette-bronco-malibuu-_JM#polycard_client=search-desktop&be_origin=backend&search_layout=grid&position=10&type=item&tracking_id=ebb612f0-dd91-4607-8769-92c226af5e7b&wid=MLV823425298&sid=search","2026-05-24T13:41:04.061Z"
"21","","2","","","US$","","","","Envío gratis","","https://articulo.mercadolibre.com.ve/MLV-823425298-bujia-champion-bl15y-nova-chevette-bronco-malibuu-_JM#polycard_client=search-desktop&be_origin=backend&search_layout=grid&position=10&type=item&tracking_id=ebb612f0-dd91-4607-8769-92c226af5e7b&wid=MLV823425298&sid=search","2026-05-24T13:41:04.061Z"
"22","","4.96","","","US$","","","","Envío gratis","","https://articulo.mercadolibre.com.ve/MLV-912207918-bujias-jeep-cherokke-liberty-kk-kj-dodge-ram-dakota-caliber-_JM#polycard_client=search-desktop&be_origin=backend&search_layout=grid&position=11&type=item&float_highlight=last_units&tracking_id=ebb612f0-dd91-4607-8769-92c226af5e7b&wid=MLV912207918&sid=search","2026-05-24T13:41:04.061Z"
"23","","4.96","","","US$","","","","Envío gratis","","https://articulo.mercadolibre.com.ve/MLV-912207918-bujias-jeep-cherokke-liberty-kk-kj-dodge-ram-dakota-caliber-_JM#polycard_client=search-desktop&be_origin=backend&search_layout=grid&position=11&type=item&float_highlight=last_units&tracking_id=ebb612f0-dd91-4607-8769-92c226af5e7b&wid=MLV912207918&sid=search","2026-05-24T13:41:04.061Z"
"24","","2","","","US$","","","","Envío gratis","","https://articulo.mercadolibre.com.ve/MLV-556223211-bujia-orig-aveo-corolla-vitara-luv-dmax-optra-cielo-arauca-_JM#polycard_client=search-desktop&be_origin=backend&search_layout=grid&position=12&type=item&tracking_id=ebb612f0-dd91-4607-8769-92c226af5e7b&wid=MLV556223211&sid=search","2026-05-24T13:41:04.061Z"
"25","","2","","","US$","","","","Envío gratis","","https://articulo.mercadolibre.com.ve/MLV-556223211-bujia-orig-aveo-corolla-vitara-luv-dmax-optra-cielo-arauca-_JM#polycard_client=search-desktop&be_origin=backend&search_layout=grid&position=12&type=item&tracking_id=ebb612f0-dd91-4607-8769-92c226af5e7b&wid=MLV556223211&sid=search","2026-05-24T13:41:04.061Z"
"26","","2","","","US$","","","","Envío gratis","","https://articulo.mercadolibre.com.ve/MLV-828804114-bujias-ngk-bkr6e-11-aveo-optra-corolla-corsa-spark-_JM#polycard_client=search-desktop&be_origin=backend&search_layout=grid&position=13&type=item&tracking_id=ebb612f0-dd91-4607-8769-92c226af5e7b&wid=MLV828804114&sid=search","2026-05-24T13:41:04.061Z"
"27","","2","","","US$","","","","Envío gratis","","https://articulo.mercadolibre.com.ve/MLV-828804114-bujias-ngk-bkr6e-11-aveo-optra-corolla-corsa-spark-_JM#polycard_client=search-desktop&be_origin=backend&search_layout=grid&position=13&type=item&tracking_id=ebb612f0-dd91-4607-8769-92c226af5e7b&wid=MLV828804114&sid=search","2026-05-24T13:41:04.061Z"
"28","","2.19","2","8% OFF","US$","","","","Envío gratis","","https://articulo.mercadolibre.com.ve/MLV-535308769-bujia-motorcraft-ford-ka-fiesta-ecosport-16-platino-_JM#polycard_client=search-desktop&be_origin=backend&search_layout=grid&position=14&type=item&tracking_id=ebb612f0-dd91-4607-8769-92c226af5e7b&wid=MLV535308769&sid=search","2026-05-24T13:41:04.061Z"
"29","","2.19","2","8% OFF","US$","","","","Envío gratis","","https://articulo.mercadolibre.com.ve/MLV-535308769-bujia-motorcraft-ford-ka-fiesta-ecosport-16-platino-_JM#polycard_client=search-desktop&be_origin=backend&search_layout=grid&position=14&type=item&tracking_id=ebb612f0-dd91-4607-8769-92c226af5e7b&wid=MLV535308769&sid=search","2026-05-24T13:41:04.061Z"
"30","","2","","","US$","","","","Envío gratis","","https://articulo.mercadolibre.com.ve/MLV-876845322-bujia-encendido-fiestakaeco-sport-punta-platino-_JM#polycard_client=search-desktop&be_origin=backend&search_layout=grid&position=15&type=item&tracking_id=ebb612f0-dd91-4607-8769-92c226af5e7b&wid=MLV876845322&sid=search","2026-05-24T13:41:04.061Z"
"31","","2","","","US$","","","","Envío gratis","","https://articulo.mercadolibre.com.ve/MLV-876845322-bujia-encendido-fiestakaeco-sport-punta-platino-_JM#polycard_client=search-desktop&be_origin=backend&search_layout=grid&position=15&type=item&tracking_id=ebb612f0-dd91-4607-8769-92c226af5e7b&wid=MLV876845322&sid=search","2026-05-24T13:41:04.061Z"
"32","","2","","","US$","","","","Envío gratis","","https://articulo.mercadolibre.com.ve/MLV-741207156-bujia-camaro-chevrolet-motor-205-302-305-350-v8-malibu-_JM#polycard_client=search-desktop&be_origin=backend&search_layout=grid&position=16&type=item&tracking_id=ebb612f0-dd91-4607-8769-92c226af5e7b&wid=MLV741207156&sid=search","2026-05-24T13:41:04.061Z"
"33","","2","","","US$","","","","Envío gratis","","https://articulo.mercadolibre.com.ve/MLV-741207156-bujia-camaro-chevrolet-motor-205-302-305-350-v8-malibu-_JM#polycard_client=search-desktop&be_origin=backend&search_layout=grid&position=16&type=item&tracking_id=ebb612f0-dd91-4607-8769-92c226af5e7b&wid=MLV741207156&sid=search","2026-05-24T13:41:04.061Z"
"34","","2.5","","","US$","","","","Envío gratis","","https://articulo.mercadolibre.com.ve/MLV-740219661-bujia-punta-iridium-corolla-yaris-prado-meru-machito-autana-_JM#polycard_client=search-desktop&be_origin=backend&search_layout=grid&position=17&type=item&tracking_id=ebb612f0-dd91-4607-8769-92c226af5e7b&wid=MLV740219661&sid=search","2026-05-24T13:41:04.061Z"
"35","","2.5","","","US$","","","","Envío gratis","","https://articulo.mercadolibre.com.ve/MLV-740219661-bujia-punta-iridium-corolla-yaris-prado-meru-machito-autana-_JM#polycard_client=search-desktop&be_origin=backend&search_layout=grid&position=17&type=item&tracking_id=ebb612f0-dd91-4607-8769-92c226af5e7b&wid=MLV740219661&sid=search","2026-05-24T13:41:04.061Z"
"36","","18.56","18","14% OFF","US$","Febi","","","Envío gratis","","https://articulo.mercadolibre.com.ve/MLV-563879883-bujia-platino-mitsubishi-montero-l300-lancer-vw-bora-touareg-_JM#polycard_client=search-desktop&be_origin=backend&search_layout=grid&position=18&type=item&tracking_id=ebb612f0-dd91-4607-8769-92c226af5e7b&wid=MLV563879883&sid=search","2026-05-24T13:41:04.061Z"
"37","","18.56","18","14% OFF","US$","Febi","","","Envío gratis","","https://articulo.mercadolibre.com.ve/MLV-563879883-bujia-platino-mitsubishi-montero-l300-lancer-vw-bora-touareg-_JM#polycard_client=search-desktop&be_origin=backend&search_layout=grid&position=18&type=item&tracking_id=ebb612f0-dd91-4607-8769-92c226af5e7b&wid=MLV563879883&sid=search","2026-05-24T13:41:04.061Z"
"38","","2","","","US$","","","","Envío gratis","","https://articulo.mercadolibre.com.ve/MLV-737975464-bujia-denso-3179-terio-bego-wagon-r-bmw-m3-fiat-palio-fire-_JM#polycard_client=search-desktop&be_origin=backend&search_layout=grid&position=19&type=item&tracking_id=ebb612f0-dd91-4607-8769-92c226af5e7b&wid=MLV737975464&sid=search","2026-05-24T13:41:04.061Z"
"39","","2","","","US$","","","","Envío gratis","","https://articulo.mercadolibre.com.ve/MLV-737975464-bujia-denso-3179-terio-bego-wagon-r-bmw-m3-fiat-palio-fire-_JM#polycard_client=search-desktop&be_origin=backend&search_layout=grid&position=19&type=item&tracking_id=ebb612f0-dd91-4607-8769-92c226af5e7b&wid=MLV737975464&sid=search","2026-05-24T13:41:04.061Z"
"40","","2","","","US$","","","","Envío gratis","","https://articulo.mercadolibre.com.ve/MLV-556224844-bujia-toyota-corolla-burbuja-meru-terios-yaris-camry-orinoco-_JM#polycard_client=search-desktop&be_origin=backend&search_layout=grid&position=20&type=item&tracking_id=ebb612f0-dd91-4607-8769-92c226af5e7b&wid=MLV556224844&sid=search","2026-05-24T13:41:04.061Z"
"41","","2","","","US$","","","","Envío gratis","","https://articulo.mercadolibre.com.ve/MLV-556224844-bujia-toyota-corolla-burbuja-meru-terios-yaris-camry-orinoco-_JM#polycard_client=search-desktop&be_origin=backend&search_layout=grid&position=20&type=item&tracking_id=ebb612f0-dd91-4607-8769-92c226af5e7b&wid=MLV556224844&sid=search","2026-05-24T13:41:04.061Z"
"42","","2","","","US$","","","","Envío gratis","","https://articulo.mercadolibre.com.ve/MLV-895581518-bujia-denso-k16pr-u11-aveo-cruze-lancer-optra-spark-toyota-_JM#polycard_client=search-desktop&be_origin=backend&search_layout=grid&position=21&type=item&tracking_id=ebb612f0-dd91-4607-8769-92c226af5e7b&wid=MLV895581518&sid=search","2026-05-24T13:41:04.061Z"
"43","","2","","","US$","","","","Envío gratis","","https://articulo.mercadolibre.com.ve/MLV-895581518-bujia-denso-k16pr-u11-aveo-cruze-lancer-optra-spark-toyota-_JM#polycard_client=search-desktop&be_origin=backend&search_layout=grid&position=21&type=item&tracking_id=ebb612f0-dd91-4607-8769-92c226af5e7b&wid=MLV895581518&sid=search","2026-05-24T13:41:04.061Z"
"44","","14.99","","","US$","","","","Envío gratis","","https://articulo.mercadolibre.com.ve/MLV-556859036-bujia-original-chery-orinoco-arauca-x1-punta-platino-_JM#polycard_client=search-desktop&be_origin=backend&search_layout=grid&position=22&type=item&tracking_id=ebb612f0-dd91-4607-8769-92c226af5e7b&wid=MLV556859036&sid=search","2026-05-24T13:41:04.062Z"
"45","","14.99","","","US$","","","","Envío gratis","","https://articulo.mercadolibre.com.ve/MLV-556859036-bujia-original-chery-orinoco-arauca-x1-punta-platino-_JM#polycard_client=search-desktop&be_origin=backend&search_layout=grid&position=22&type=item&tracking_id=ebb612f0-dd91-4607-8769-92c226af5e7b&wid=MLV556859036&sid=search","2026-05-24T13:41:04.062Z"
"46","","4.6","4","10% OFF","US$","","","","Envío gratis","","https://articulo.mercadolibre.com.ve/MLV-742108335-bujias-motorcraft-302-305-350-canon-corto-importadas-_JM#polycard_client=search-desktop&be_origin=backend&search_layout=grid&position=23&type=item&float_highlight=last_units&tracking_id=ebb612f0-dd91-4607-8769-92c226af5e7b&wid=MLV742108335&sid=search","2026-05-24T13:41:04.062Z"
"47","","4.6","4","10% OFF","US$","","","","Envío gratis","","https://articulo.mercadolibre.com.ve/MLV-742108335-bujias-motorcraft-302-305-350-canon-corto-importadas-_JM#polycard_client=search-desktop&be_origin=backend&search_layout=grid&position=23&type=item&float_highlight=last_units&tracking_id=ebb612f0-dd91-4607-8769-92c226af5e7b&wid=MLV742108335&sid=search","2026-05-24T13:41:04.062Z"
"48","","3","","","US$","Multirepuestos 298","","","Envío gratis","","https://articulo.mercadolibre.com.ve/MLV-861376766-bujia-pata-larga-chevrolet-motor-205-262-302-305-350-v8-v6-_JM#polycard_client=search-desktop&be_origin=backend&search_layout=grid&position=24&type=item&tracking_id=ebb612f0-dd91-4607-8769-92c226af5e7b&wid=MLV861376766&sid=search","2026-05-24T13:41:04.062Z"
"49","","3","","","US$","Multirepuestos 298","","","Envío gratis","","https://articulo.mercadolibre.com.ve/MLV-861376766-bujia-pata-larga-chevrolet-motor-205-262-302-305-350-v8-v6-_JM#polycard_client=search-desktop&be_origin=backend&search_layout=grid&position=24&type=item&tracking_id=ebb612f0-dd91-4607-8769-92c226af5e7b&wid=MLV861376766&sid=search","2026-05-24T13:41:04.062Z"
"50","","2.25","","","US$","","","","Envío gratis","","https://articulo.mercadolibre.com.ve/MLV-707598306-bujia-acdelco-iridium-silverado-tahoe-rey-camion-blazer-262-_JM#polycard_client=search-desktop&be_origin=backend&search_layout=grid&position=25&type=item&tracking_id=ebb612f0-dd91-4607-8769-92c226af5e7b&wid=MLV707598306&sid=search","2026-05-24T13:41:04.062Z"
"51","","2.25","","","US$","","","","Envío gratis","","https://articulo.mercadolibre.com.ve/MLV-707598306-bujia-acdelco-iridium-silverado-tahoe-rey-camion-blazer-262-_JM#polycard_client=search-desktop&be_origin=backend&search_layout=grid&position=25&type=item&tracking_id=ebb612f0-dd91-4607-8769-92c226af5e7b&wid=MLV707598306&sid=search","2026-05-24T13:41:04.062Z"
"52","","2.5","","","US$","","","","Envío gratis","","https://articulo.mercadolibre.com.ve/MLV-741085166-bujia-3-electrodos-fiat-palio-14-siena-13-16-orinoco-aveo-_JM#polycard_client=search-desktop&be_origin=backend&search_layout=grid&position=26&type=item&tracking_id=ebb612f0-dd91-4607-8769-92c226af5e7b&wid=MLV741085166&sid=search","2026-05-24T13:41:04.062Z"
"53","","2.5","","","US$","","","","Envío gratis","","https://articulo.mercadolibre.com.ve/MLV-741085166-bujia-3-electrodos-fiat-palio-14-siena-13-16-orinoco-aveo-_JM#polycard_client=search-desktop&be_origin=backend&search_layout=grid&position=26&type=item&tracking_id=ebb612f0-dd91-4607-8769-92c226af5e7b&wid=MLV741085166&sid=search","2026-05-24T13:41:04.062Z"
"54","","3.19","","","US$","Repuestos FastCars","","","","","https://articulo.mercadolibre.com.ve/MLV-711794454-bujia-ford-sport-trac-eddie-bauer-v8-46-2006-2007-2008-_JM#polycard_client=search-desktop&be_origin=backend&search_layout=grid&position=27&type=item&tracking_id=ebb612f0-dd91-4607-8769-92c226af5e7b&wid=MLV711794454&sid=search","2026-05-24T13:41:04.062Z"
"55","","3.19","","","US$","Repuestos FastCars","","","","","https://articulo.mercadolibre.com.ve/MLV-711794454-bujia-ford-sport-trac-eddie-bauer-v8-46-2006-2007-2008-_JM#polycard_client=search-desktop&be_origin=backend&search_layout=grid&position=27&type=item&tracking_id=ebb612f0-dd91-4607-8769-92c226af5e7b&wid=MLV711794454&sid=search","2026-05-24T13:41:04.062Z"
"56","","2.5","","","US$","","","","Envío gratis","","https://articulo.mercadolibre.com.ve/MLV-517256331-bujia-ekko-reemplazo-k20tr11-2-electrodos-toyota-lexus-mazda-_JM#polycard_client=search-desktop&be_origin=backend&search_layout=grid&position=28&type=item&tracking_id=ebb612f0-dd91-4607-8769-92c226af5e7b&wid=MLV517256331&sid=search","2026-05-24T13:41:04.062Z"
"57","","2.5","","","US$","","","","Envío gratis","","https://articulo.mercadolibre.com.ve/MLV-517256331-bujia-ekko-reemplazo-k20tr11-2-electrodos-toyota-lexus-mazda-_JM#polycard_client=search-desktop&be_origin=backend&search_layout=grid&position=28&type=item&tracking_id=ebb612f0-dd91-4607-8769-92c226af5e7b&wid=MLV517256331&sid=search","2026-05-24T13:41:04.062Z"
"58","","2","","","US$","","","","Envío gratis","","https://articulo.mercadolibre.com.ve/MLV-828865410-bujia-k16pru11-aveo-optra-corolla-autana-cruze-vitara-lancer-_JM#polycard_client=search-desktop&be_origin=backend&search_layout=grid&position=29&type=item&tracking_id=ebb612f0-dd91-4607-8769-92c226af5e7b&wid=MLV828865410&sid=search","2026-05-24T13:41:04.062Z"
"59","","2","","","US$","","","","Envío gratis","","https://articulo.mercadolibre.com.ve/MLV-828865410-bujia-k16pru11-aveo-optra-corolla-autana-cruze-vitara-lancer-_JM#polycard_client=search-desktop&be_origin=backend&search_layout=grid&position=29&type=item&tracking_id=ebb612f0-dd91-4607-8769-92c226af5e7b&wid=MLV828865410&sid=search","2026-05-24T13:41:04.062Z"
"60","","3","","","US$","","","","Envío gratis","","https://articulo.mercadolibre.com.ve/MLV-793985924-bujia-electrodo-recubierto-punta-platinum-century-chevette-_JM#polycard_client=search-desktop&be_origin=backend&search_layout=grid&position=30&type=item&tracking_id=ebb612f0-dd91-4607-8769-92c226af5e7b&wid=MLV793985924&sid=search","2026-05-24T13:41:04.062Z"
"61","","3","","","US$","","","","Envío gratis","","https://articulo.mercadolibre.com.ve/MLV-793985924-bujia-electrodo-recubierto-punta-platinum-century-chevette-_JM#polycard_client=search-desktop&be_origin=backend&search_layout=grid&position=30&type=item&tracking_id=ebb612f0-dd91-4607-8769-92c226af5e7b&wid=MLV793985924&sid=search","2026-05-24T13:41:04.063Z"
"62","","2","","","US$","","","","Envío gratis","","https://articulo.mercadolibre.com.ve/MLV-895763630-bujia-ngk-bkr5e-11-camry-yaris-astra-steem-swift-aveo-epica-_JM#polycard_client=search-desktop&be_origin=backend&search_layout=grid&position=31&type=item&tracking_id=ebb612f0-dd91-4607-8769-92c226af5e7b&wid=MLV895763630&sid=search","2026-05-24T13:41:04.063Z"
"63","","2","","","US$","","","","Envío gratis","","https://articulo.mercadolibre.com.ve/MLV-895763630-bujia-ngk-bkr5e-11-camry-yaris-astra-steem-swift-aveo-epica-_JM#polycard_client=search-desktop&be_origin=backend&search_layout=grid&position=31&type=item&tracking_id=ebb612f0-dd91-4607-8769-92c226af5e7b&wid=MLV895763630&sid=search","2026-05-24T13:41:04.063Z"
"64","","2.1","","","US$","","","","Envío gratis","","https://articulo.mercadolibre.com.ve/MLV-702786202-bujia-41-602-acdelco-aveo-optra-spark-somos-tienda-_JM#polycard_client=search-desktop&be_origin=backend&search_layout=grid&position=32&type=item&float_highlight=last_units&tracking_id=ebb612f0-dd91-4607-8769-92c226af5e7b&wid=MLV702786202&sid=search","2026-05-24T13:41:04.063Z"
"65","","2.1","","","US$","","","","Envío gratis","","https://articulo.mercadolibre.com.ve/MLV-702786202-bujia-41-602-acdelco-aveo-optra-spark-somos-tienda-_JM#polycard_client=search-desktop&be_origin=backend&search_layout=grid&position=32&type=item&float_highlight=last_units&tracking_id=ebb612f0-dd91-4607-8769-92c226af5e7b&wid=MLV702786202&sid=search","2026-05-24T13:41:04.063Z"
"66","","2.66","","","US$","","","","Envío gratis","","https://articulo.mercadolibre.com.ve/MLV-719099946-bujias-punta-iridiun-aveo-corsa-optra-spark-corolla-arauca-_JM#polycard_client=search-desktop&be_origin=backend&search_layout=grid&position=33&type=item&tracking_id=ebb612f0-dd91-4607-8769-92c226af5e7b&wid=MLV719099946&sid=search","2026-05-24T13:41:04.063Z"
"67","","2.66","","","US$","","","","Envío gratis","","https://articulo.mercadolibre.com.ve/MLV-719099946-bujias-punta-iridiun-aveo-corsa-optra-spark-corolla-arauca-_JM#polycard_client=search-desktop&be_origin=backend&search_layout=grid&position=33&type=item&tracking_id=ebb612f0-dd91-4607-8769-92c226af5e7b&wid=MLV719099946&sid=search","2026-05-24T13:41:04.063Z"
"68","","2.25","","","US$","","","","Envío gratis","","https://articulo.mercadolibre.com.ve/MLV-739685165-bujia-champion-f14yc-n12yc-n9yc-bl15y-s12yc-originales-_JM#polycard_client=search-desktop&be_origin=backend&search_layout=grid&position=34&type=item&tracking_id=ebb612f0-dd91-4607-8769-92c226af5e7b&wid=MLV739685165&sid=search","2026-05-24T13:41:04.063Z"
"69","","2.25","","","US$","","","","Envío gratis","","https://articulo.mercadolibre.com.ve/MLV-739685165-bujia-champion-f14yc-n12yc-n9yc-bl15y-s12yc-originales-_JM#polycard_client=search-desktop&be_origin=backend&search_layout=grid&position=34&type=item&tracking_id=ebb612f0-dd91-4607-8769-92c226af5e7b&wid=MLV739685165&sid=search","2026-05-24T13:41:04.063Z"
"70","","2.5","","","US$","","","","Envío gratis","","https://articulo.mercadolibre.com.ve/MLV-723154032-bujia-original-punta-iridium-ford-fiesta-super-duty-62-_JM#polycard_client=search-desktop&be_origin=backend&search_layout=grid&position=35&type=item&tracking_id=ebb612f0-dd91-4607-8769-92c226af5e7b&wid=MLV723154032&sid=search","2026-05-24T13:41:04.063Z"
"71","","2.5","","","US$","","","","Envío gratis","","https://articulo.mercadolibre.com.ve/MLV-723154032-bujia-original-punta-iridium-ford-fiesta-super-duty-62-_JM#polycard_client=search-desktop&be_origin=backend&search_layout=grid&position=35&type=item&tracking_id=ebb612f0-dd91-4607-8769-92c226af5e7b&wid=MLV723154032&sid=search","2026-05-24T13:41:04.063Z"
"72","","2.48","2","12% OFF","US$","","","","Envío gratis","","https://articulo.mercadolibre.com.ve/MLV-828921052-bujia-champion-original-n9yc-corsa-spark-cielo-blazer-vitara-_JM#polycard_client=search-desktop&be_origin=backend&search_layout=grid&position=36&type=item&tracking_id=ebb612f0-dd91-4607-8769-92c226af5e7b&wid=MLV828921052&sid=search","2026-05-24T13:41:04.063Z"
"73","","2.48","2","12% OFF","US$","","","","Envío gratis","","https://articulo.mercadolibre.com.ve/MLV-828921052-bujia-champion-original-n9yc-corsa-spark-cielo-blazer-vitara-_JM#polycard_client=search-desktop&be_origin=backend&search_layout=grid&position=36&type=item&tracking_id=ebb612f0-dd91-4607-8769-92c226af5e7b&wid=MLV828921052&sid=search","2026-05-24T13:41:04.063Z"
"74","","2","","","US$","","","","Envío gratis","","https://articulo.mercadolibre.com.ve/MLV-704462483-bujia-denso-astra-steem-swift-vitara-epica-dmax-35-aveo-fit-_JM#polycard_client=search-desktop&be_origin=backend&search_layout=grid&position=37&type=item&tracking_id=ebb612f0-dd91-4607-8769-92c226af5e7b&wid=MLV704462483&sid=search","2026-05-24T13:41:04.063Z"
"75","","2","","","US$","","","","Envío gratis","","https://articulo.mercadolibre.com.ve/MLV-704462483-bujia-denso-astra-steem-swift-vitara-epica-dmax-35-aveo-fit-_JM#polycard_client=search-desktop&be_origin=backend&search_layout=grid&position=37&type=item&tracking_id=ebb612f0-dd91-4607-8769-92c226af5e7b&wid=MLV704462483&sid=search","2026-05-24T13:41:04.064Z"
"76","","2.68","2","5% OFF","US$","","","","Envío gratis","","https://articulo.mercadolibre.com.ve/MLV-504042949-bujias-optra-spark-corsa-accent-getz-festiva-laser-aveo-_JM#polycard_client=search-desktop&be_origin=backend&search_layout=grid&position=38&type=item&tracking_id=ebb612f0-dd91-4607-8769-92c226af5e7b&wid=MLV504042949&sid=search","2026-05-24T13:41:04.064Z"
"77","","2.68","2","5% OFF","US$","","","","Envío gratis","","https://articulo.mercadolibre.com.ve/MLV-504042949-bujias-optra-spark-corsa-accent-getz-festiva-laser-aveo-_JM#polycard_client=search-desktop&be_origin=backend&search_layout=grid&position=38&type=item&tracking_id=ebb612f0-dd91-4607-8769-92c226af5e7b&wid=MLV504042949&sid=search","2026-05-24T13:41:04.064Z"
"78","","2.19","","","US$","","","","Envío gratis","","https://articulo.mercadolibre.com.ve/MLV-899193546-bujia-f14-motor-300200250-ford-f150-f350-zephyr-dodge-318-_JM#polycard_client=search-desktop&be_origin=backend&search_layout=grid&position=39&type=item&tracking_id=ebb612f0-dd91-4607-8769-92c226af5e7b&wid=MLV899193546&sid=search","2026-05-24T13:41:04.064Z"
"79","","2.19","","","US$","","","","Envío gratis","","https://articulo.mercadolibre.com.ve/MLV-899193546-bujia-f14-motor-300200250-ford-f150-f350-zephyr-dodge-318-_JM#polycard_client=search-desktop&be_origin=backend&search_layout=grid&position=39&type=item&tracking_id=ebb612f0-dd91-4607-8769-92c226af5e7b&wid=MLV899193546&sid=search","2026-05-24T13:41:04.064Z"
"80","","15.95","15","60% OFF","US$","GPI","","","Envío gratis","","https://articulo.mercadolibre.com.ve/MLV-921366820-bujias-hilux-hiace-27-2tr-tundra-sequoia-doble-iridium-_JM?searchVariation=186356660162#polycard_client=search-desktop&searchVariation=186356660162&float_highlight=last_units&be_origin=backend&search_layout=grid&position=40&type=item&tracking_id=ebb612f0-dd91-4607-8769-92c226af5e7b","2026-05-24T13:41:04.064Z"
"81","","15.95","15","60% OFF","US$","GPI","","","Envío gratis","","https://articulo.mercadolibre.com.ve/MLV-921366820-bujias-hilux-hiace-27-2tr-tundra-sequoia-doble-iridium-_JM?searchVariation=186356660162#polycard_client=search-desktop&searchVariation=186356660162&float_highlight=last_units&be_origin=backend&search_layout=grid&position=40&type=item&tracking_id=ebb612f0-dd91-4607-8769-92c226af5e7b","2026-05-24T13:41:04.064Z"
"82","","3.19","","","US$","Repuestos FastCars","","","","","https://articulo.mercadolibre.com.ve/MLV-711787892-bujia-ford-explorer-eddie-bauer-v8-46-2006-2007-2008-_JM#polycard_client=search-desktop&be_origin=backend&search_layout=grid&position=41&type=item&tracking_id=ebb612f0-dd91-4607-8769-92c226af5e7b&wid=MLV711787892&sid=search","2026-05-24T13:41:04.064Z"
"83","","3.19","","","US$","Repuestos FastCars","","","","","https://articulo.mercadolibre.com.ve/MLV-711787892-bujia-ford-explorer-eddie-bauer-v8-46-2006-2007-2008-_JM#polycard_client=search-desktop&be_origin=backend&search_layout=grid&position=41&type=item&tracking_id=ebb612f0-dd91-4607-8769-92c226af5e7b&wid=MLV711787892&sid=search","2026-05-24T13:41:04.064Z"
"84","","2.4","","","US$","","","","Envío gratis","","https://articulo.mercadolibre.com.ve/MLV-560278868-bujia-41-110-iridium-acdelco-silverado-cheyenne-triton-_JM#polycard_client=search-desktop&be_origin=backend&search_layout=grid&position=42&type=item&tracking_id=ebb612f0-dd91-4607-8769-92c226af5e7b&wid=MLV560278868&sid=search","2026-05-24T13:41:04.064Z"
"85","","2.4","","","US$","","","","Envío gratis","","https://articulo.mercadolibre.com.ve/MLV-560278868-bujia-41-110-iridium-acdelco-silverado-cheyenne-triton-_JM#polycard_client=search-desktop&be_origin=backend&search_layout=grid&position=42&type=item&tracking_id=ebb612f0-dd91-4607-8769-92c226af5e7b&wid=MLV560278868&sid=search","2026-05-24T13:41:04.064Z"
"86","","3","","","US$","","","","Envío gratis","","https://articulo.mercadolibre.com.ve/MLV-782058990-bujia-bl15-platinum-recubierta-bosch-205-262-302-350-_JM#polycard_client=search-desktop&be_origin=backend&search_layout=grid&position=43&type=item&tracking_id=ebb612f0-dd91-4607-8769-92c226af5e7b&wid=MLV782058990&sid=search","2026-05-24T13:41:04.064Z"
"87","","3","","","US$","","","","Envío gratis","","https://articulo.mercadolibre.com.ve/MLV-782058990-bujia-bl15-platinum-recubierta-bosch-205-262-302-350-_JM#polycard_client=search-desktop&be_origin=backend&search_layout=grid&position=43&type=item&tracking_id=ebb612f0-dd91-4607-8769-92c226af5e7b&wid=MLV782058990&sid=search","2026-05-24T13:41:04.064Z"
"88","","12","","","US$","","","","Envío gratis","","https://articulo.mercadolibre.com.ve/MLV-527251638-bujias-original-acdelco-aveo-spark-luv-dmax-41-602-_JM#polycard_client=search-desktop&be_origin=backend&search_layout=grid&position=44&type=item&tracking_id=ebb612f0-dd91-4607-8769-92c226af5e7b&wid=MLV527251638&sid=search","2026-05-24T13:41:04.064Z"
"89","","12","","","US$","","","","Envío gratis","","https://articulo.mercadolibre.com.ve/MLV-527251638-bujias-original-acdelco-aveo-spark-luv-dmax-41-602-_JM#polycard_client=search-desktop&be_origin=backend&search_layout=grid&position=44&type=item&tracking_id=ebb612f0-dd91-4607-8769-92c226af5e7b&wid=MLV527251638&sid=search","2026-05-24T13:41:04.064Z"
"90","","2","","","US$","","","","Envío gratis","","https://articulo.mercadolibre.com.ve/MLV-741207142-bujia-kia-picanto-rio-sportage-getz-elantra-atos-brisa-bris-_JM#polycard_client=search-desktop&be_origin=backend&search_layout=grid&position=45&type=item&tracking_id=ebb612f0-dd91-4607-8769-92c226af5e7b&wid=MLV741207142&sid=search","2026-05-24T13:41:04.064Z"
"91","","2","","","US$","","","","Envío gratis","","https://articulo.mercadolibre.com.ve/MLV-741207142-bujia-kia-picanto-rio-sportage-getz-elantra-atos-brisa-bris-_JM#polycard_client=search-desktop&be_origin=backend&search_layout=grid&position=45&type=item&tracking_id=ebb612f0-dd91-4607-8769-92c226af5e7b&wid=MLV741207142&sid=search","2026-05-24T13:41:04.064Z"
"92","","3","","","US$","Multirepuestos 298","","","Envío gratis","","https://articulo.mercadolibre.com.ve/MLV-861208344-bujia-chevrolet-motor-262-305-350-v6-v8-century-blazer-90-98-_JM#polycard_client=search-desktop&be_origin=backend&search_layout=grid&position=46&type=item&tracking_id=ebb612f0-dd91-4607-8769-92c226af5e7b&wid=MLV861208344&sid=search","2026-05-24T13:41:04.065Z"
"93","","3","","","US$","Multirepuestos 298","","","Envío gratis","","https://articulo.mercadolibre.com.ve/MLV-861208344-bujia-chevrolet-motor-262-305-350-v6-v8-century-blazer-90-98-_JM#polycard_client=search-desktop&be_origin=backend&search_layout=grid&position=46&type=item&tracking_id=ebb612f0-dd91-4607-8769-92c226af5e7b&wid=MLV861208344&sid=search","2026-05-24T13:41:04.065Z"
"94","","2.1","","","US$","","","","Envío gratis","","https://articulo.mercadolibre.com.ve/MLV-702741305-bujia-ngk-7727-original-swift-elantra-corsa-spark-palio-_JM#polycard_client=search-desktop&be_origin=backend&search_layout=grid&position=47&type=item&tracking_id=ebb612f0-dd91-4607-8769-92c226af5e7b&wid=MLV702741305&sid=search","2026-05-24T13:41:04.065Z"
"95","","2.1","","","US$","","","","Envío gratis","","https://articulo.mercadolibre.com.ve/MLV-702741305-bujia-ngk-7727-original-swift-elantra-corsa-spark-palio-_JM#polycard_client=search-desktop&be_origin=backend&search_layout=grid&position=47&type=item&tracking_id=ebb612f0-dd91-4607-8769-92c226af5e7b&wid=MLV702741305&sid=search","2026-05-24T13:41:04.065Z"
"96","","2.5","","","US$","","","","Envío gratis","","https://articulo.mercadolibre.com.ve/MLV-740140833-bujia-rosca-corta-explorer-1996-1997-1999-mazda-3-ranger-20-_JM#polycard_client=search-desktop&be_origin=backend&search_layout=grid&position=48&type=item&tracking_id=ebb612f0-dd91-4607-8769-92c226af5e7b&wid=MLV740140833&sid=search","2026-05-24T13:41:04.065Z"
"97","","2.5","","","US$","","","","Envío gratis","","https://articulo.mercadolibre.com.ve/MLV-740140833-bujia-rosca-corta-explorer-1996-1997-1999-mazda-3-ranger-20-_JM#polycard_client=search-desktop&be_origin=backend&search_layout=grid&position=48&type=item&tracking_id=ebb612f0-dd91-4607-8769-92c226af5e7b&wid=MLV740140833&sid=search","2026-05-24T13:41:04.065Z"